{
	"ParsingDelay": 20000,
	"CenterLat": 50.45396287500938,
	"CenterLng": 30.634327370665233,
	"Lat1": 50.56893143275417,
	"Lng1": 30.30712530657223,
	"Lat2": 50.33871424071279,
	"Lng2": 30.961529434727282,
	"Zoom": 10
}